{"cameraMode":{"drawMode":0,"name":"Shaded","section":"Shading Mode"},"sceneLighting":true,"audioPlay":false,"sceneViewState":{"m_AlwaysRefresh":false,"showFog":true,"showSkybox":true,"showFlares":true,"showImageEffects":true,"showParticleSystems":true,"showVisualEffectGraphs":true,"m_FxEnabled":true},"in2DMode":false,"pivot":{"x":-1.9358468055725098,"y":4.1990814208984379,"z":-20.053180694580079},"rotation":{"x":0.051830191165208819,"y":0.9426742196083069,"z":-0.2795705497264862,"w":0.17475296556949616},"size":10.312691688537598,"orthographic":false}